{"cameraMode":{"drawMode":0,"name":"Shaded","section":"Shading Mode"},"sceneLighting":true,"audioPlay":false,"sceneViewState":{"showFog":true,"showMaterialUpdate":true,"showSkybox":true,"showFlares":true,"showImageEffects":true,"showParticleSystems":true},"in2DMode":false,"pivot":{"x":-3.305818557739258,"y":5.585783958435059,"z":-48.12358856201172},"rotation":{"x":0.00018270319560542703,"y":0.9996605515480042,"z":0.025187073275446893,"w":-0.007196552585810423},"size":55.3215446472168,"orthographic":false}